,director_name,director_id
0,James Cameron,1
1,Gore Verbinski,2
2,Sam Mendes,3
3,Christopher Nolan,4
4,Andrew Stanton,5
5,Nathan Greno,6
6,Joss Whedon,7
7,David Yates,8
8,Zack Snyder,9
9,Bryan Singer,10
10,Marc Forster,11
11,Andrew Adamson,12
12,Rob Marshall,13
13,Barry Sonnenfeld,14
14,Peter Jackson,15
15,Marc Webb,16
16,Ridley Scott,17
17,Chris Weitz,18
18,Anthony Russo,19
19,Peter Berg,20
20,Colin Trevorrow,21
21,Sam Raimi,22
22,Shane Black,23
23,Brett Ratner,24
24,Dan Scanlon,25
25,Michael Bay,26
26,John Lasseter,27
27,Martin Campbell,28
28,Lee Unkrich,29
29,McG,30
30,James Wan,31
31,J.J. Abrams,32
32,Mike Newell,33
33,Guillermo del Toro,34
34,Steven Spielberg,35
35,Mark Andrews,36
36,Justin Lin,37
37,Roland Emmerich,38
38,Robert Zemeckis,39
39,Lana Wachowski,40
40,Pete Docter,41
41,Rob Letterman,42
42,Jon Favreau,43
43,Martin Scorsese,44
44,Rob Cohen,45
45,David Ayer,46
46,Tom Shadyac,47
47,Doug Liman,48
48,Kevin Reynolds,49
49,Stephen Sommers,50
50,Rupert Sanders,51
51,Robert Stromberg,52
52,Matt Reeves,53
53,Carl Rinsch,54
54,Mike Mitchell,55
55,Brad Bird,56
56,Don Hall,57
57,Rich Moore,58
58,Dean DeBlois,59
59,Jonathan Mostow,60
60,James Gunn,61
61,David Fincher,62
62,Matthew Vaughn,63
63,Francis Lawrence,64
64,Jon Turteltaub,65
65,Wolfgang Petersen,66
66,James Bobin,67
67,Chris Miller,68
68,Duncan Jones,69
69,Alan Taylor,70
70,Michael Apted,71
71,Oliver Stone,72
72,Tim Burton,73
73,Eric Darnell,74
74,Shawn Levy,75
75,Gavin Hood,76
76,Chris Buck,77
77,George Miller,78
78,Ron Howard,79
79,Kenneth Branagh,80
80,Byron Howard,81
81,Hoyt Yeatman,82
82,Jonathan Liebesman,83
83,Christopher McQuarrie,84
84,Joe Johnston,85
85,Steve Hickner,86
86,Jennifer Yuh Nelson,87
87,M. Night Shyamalan,88
88,Simon Wells,89
89,David Bowers,90
90,Rob Minkoff,91
91,Lee Tamahori,92
92,Alessandro Carloni,93
93,Peter Ramsey,94
94,Dean Parisot,95
95,Edward Zwick,96
96,Alex Proyas,97
97,Richard Donner,98
98,Ang Lee,99
99,Jon M. Chu,100
100,Breck Eisner,101
101,Hironobu Sakaguchi,102
102,Peter Weir,103
103,Louis Leterrier,104
104,Alejandro G. Iñárritu,105
105,David Soren,106
106,Paul Greengrass,107
107,Mark Osborne,108
108,Peyton Reed,109
109,Bill Condon,110
110,Phillip Noyce,111
111,Darren Aronofsky,112
112,Alfonso Cuarón,113
113,Baz Luhrmann,114
114,Eric Leighton,115
115,Tom McGrath,116
116,Chris Columbus,117
117,Robert Schwentke,118
118,Carlos Saldanha,119
119,Guy Ritchie,120
120,John McTiernan,121
121,Tony Gilroy,122
122,Joel Schumacher,123
123,John Woo,124
124,Tim Story,125
125,Mark Steven Johnson,126
126,Neill Blomkamp,127
127,David Twohy,128
128,James L. Brooks,129
129,James Mangold,130
130,Joseph Kosinski,131
131,George Lucas,132
132,Kirk De Micco,133
133,Cedric Nicolas-Troyan,134
134,Roger Donaldson,135
135,Brad Peyton,136
136,Roger Spottiswoode,137
137,Steven Soderbergh,138
138,Michel Gondry,139
139,Noam Murro,140
140,Raja Gosnell,141
141,Will Finn,142
142,Jan de Bont,143
143,Len Wiseman,144
144,Michael Mann,145
145,Bo Welch,146
146,Ron Clements,147
147,Peter Chelsom,148
148,Dominic Sena,149
149,Tony Scott,150
150,Paul Weitz,151
151,Adam McKay,152
152,Chuck Russell,153
153,Quentin Tarantino,154
154,Gary Trousdale,155
155,Mark Dindal,156
156,Simon West,157
157,Stefen Fangmeier,158
158,Spike Jonze,159
159,Chris Wedge,160
160,Peter Hyams,161
161,Paul Verhoeven,162
162,Tom Tykwer,163
163,Pitof,164
164,Brad Silberling,165
165,Patrick Hughes,166
166,Lawrence Guterman,167
167,Ron Underwood,168
168,Steve Martino,169
169,David Mamet,170
170,Yimou Zhang,171
171,Ash Brannon,172
172,Frank Oz,173
173,Jay Roach,174
174,Luc Besson,175
175,Michael Patrick King,176
176,Bibo Bergeron,177
177,Sergey Bodrov,178
178,Wally Pfister,179
179,Rupert Wyatt,180
180,Mark Waters,181
181,John Moore,182
182,Renny Harlin,183
183,Phil Lord,184
184,Ben Stiller,185
185,Tony Bancroft,186
186,Walt Becker,187
187,Dennis Dugan,188
188,Sydney Pollack,189
189,Thor Freudenthal,190
190,Brian De Palma,191
191,Mick Jackson,192
192,Alan J. Pakula,193
193,Kathryn Bigelow,194
194,Josh Trank,195
195,Andrey Konchalovskiy,196
196,Gary Ross,197
197,Paul W.S. Anderson,198
198,Genndy Tartakovsky,199
199,Kevin Lima,200
200,Daniel Espinosa,201
201,Nancy Meyers,202
202,Roger Allers,203
203,Neil Burger,204
204,Jean-Jacques Annaud,205
205,Sarah Smith,206
206,Martin Brest,207
207,Andrew Davis,208
208,Tarsem Singh,209
209,Edgar Wright,210
210,Jon Amiel,211
211,Peter Segal,212
212,Frank Coraci,213
213,Sylvester Stallone,214
214,Todd Phillips,215
215,Tim Johnson,216
216,Mimi Leder,217
217,Seth Gordon,218
218,Adam Shankman,219
219,D.J. Caruso,220
220,Anthony Minghella,221
221,Albert Hughes,222
222,Les Mayfield,223
223,Joe Pytka,224
224,Ivan Reitman,225
225,Eric Brevig,226
226,Kelly Asbury,227
227,Stephen Hopkins,228
228,Jonathan Demme,229
229,James Algar,230
230,Vincent Ward,231
231,Steven Brill,232
232,Terry Gilliam,233
233,Barry Cook,234
234,Roger Christian,235
235,Joe Dante,236
236,Kevin Costner,237
237,Antony Hoffman,238
238,Jacques Perrin,239
239,Cody Cameron,240
240,John Singleton,241
241,Oliver Hirschbiegel,242
242,Des McAnuff,243
243,Yarrow Cheney,244
244,Stephen Norrington,245
245,Pierre Coffin,246
246,Timur Bekmambetov,247
247,David Kellogg,248
248,Mike Nichols,249
249,F. Gary Gray,250
250,Antoine Fuqua,251
251,Robert Luketic,252
252,Gil Kenan,253
253,Barry Levinson,254
254,Jerry Zucker,255
255,Andy Tennant,256
256,Florent-Emilio Siri,257
257,Don Bluth,258
258,Ron Shelton,259
259,Henry Selick,260
260,Kyle Balda,261
261,Clay Kaytis,262
262,Judd Apatow,263
263,Steve Carr,264
264,Mel Gibson,265
265,David Silverman,266
266,Frank Darabont,267
267,Betty Thomas,268
268,Garry Marshall,269
269,Paul Tibbitt,270
270,Clark Johnson,271
271,Cameron Crowe,272
272,Randall Wallace,273
273,Jonathan Frakes,274
274,George Clooney,275
275,Gary Shore,276
276,Andrzej Bartkowiak,277
277,Måns Mårlind,278
278,Gregory Hoblit,279
279,Gary McKendry,280
280,Wych Kaosayananda,281
281,Mikael Salomon,282
282,Bobby Farrelly,283
283,Kerry Conran,284
284,Michael Caton-Jones,285
285,Mikael Håfström,286
286,Phil Alden Robinson,287
287,David Slade,288
288,Joseph Ruben,289
289,Seth MacFarlane,290
290,Alejandro Amenábar,291
291,Kinka Usher,292
292,Rob Bowman,293
293,Doug Lefler,294
294,Scott Waugh,295
295,Lawrence Kasdan,296
296,Michael Lembeck,297
297,Tom Hooper,298
298,Nora Ephron,299
299,Clint Eastwood,300
300,Larry Charles,301
301,Stanley Kubrick,302
302,Will Gluck,303
303,Glenn Ficarra,304
304,David S. Goyer,305
305,Taylor Hackford,306
306,Michael Lehmann,307
307,Stuart Beattie,308
308,Roman Polanski,309
309,Frank Miller,310
310,Baltasar Kormákur,311
311,Daniel Lee,312
312,Keenen Ivory Wayans,313
313,Rob Reiner,314
314,Marco Schnabel,315
315,Demian Lichtenstein,316
316,Josh Gordon,317
317,Tim Hill,318
318,David Frankel,319
319,Brenda Chapman,320
320,Marc Lawrence,321
321,Peter Billingsley,322
322,Wes Ball,323
323,Ryan Murphy,324
324,Robert Redford,325
325,Jay Russell,326
326,Kenny Ortega,327
327,David McNally,328
328,Brian Robbins,329
329,Brian Levant,330
330,Steven Zaillian,331
331,Chris Butler,332
332,Jon Avnet,333
333,Sam Fell,334
334,Kevin Donovan,335
335,Geoff Murphy,336
336,David O. Russell,337
337,Babak Najafi,338
338,Jean-Pierre Jeunet,339
339,Graham Annable,340
340,Griffin Dunne,341
341,John Pasquin,342
342,Ruben Fleischer,343
343,Harold Ramis,344
344,Donald Petrie,345
345,Jorge Blanco,346
346,Stuart Baird,347
347,Joel Coen,348
348,Joe Wright,349
349,Scott Stewart,350
350,Patrick Gilmore,351
351,Tony Bill,352
352,Rod Lurie,353
353,Walter Hill,354
354,Akiva Goldsman,355
355,Harald Zwart,356
356,Walter Salles,357
357,Iain Softley,358
358,David Koepp,359
359,Uwe Boll,360
360,John Dahl,361
361,Tim Miller,362
362,Stephen Herek,363
363,Peter MacDonald,364
364,Anthony Hemingway,365
365,Sean Anders,366
366,Mark Neveldine,367
367,John Madden,368
368,Kevin Bray,369
369,Mike Gabriel,370
370,Sam Weisman,371
371,Jesse Dylan,372
372,Wayne Wang,373
373,Gabriele Muccino,374
374,Tom Dey,375
375,Jimmy Hayward,376
376,Alan Parker,377
377,John Frankenheimer,378
378,Paul King,379
379,William Friedkin,380
380,Kent Alterman,381
381,Peter Lord,382
382,Shekhar Kapur,383
383,Karyn Kusama,384
384,Ron Maxwell,385
385,Robert Butler,386
386,Karey Kirkpatrick,387
387,Steve Antin,388
388,Francis Ford Coppola,389
389,Richard Lester,390
390,Harold Becker,391
391,Scott Cooper,392
392,Robert Rodriguez,393
393,Curtis Hanson,394
394,Phyllida Lloyd,395
395,Jay Chandrasekhar,396
396,Terrence Malick,397
397,David Dobkin,398
398,Milos Forman,399
399,Pierre Morel,400
400,Paul Hunter,401
401,Steve Oedekerk,402
402,George Nolfi,403
403,Neil Jordan,404
404,Rawson Marshall Thurber,405
405,Spike Lee,406
406,Brian Helgeland,407
407,Frank Marshall,408
408,Peter Hewitt,409
409,Joe Roth,410
410,Bennett Miller,411
411,Jaume Collet-Serra,412
412,Andy Fickman,413
413,James McTeigue,414
414,Matthew O'Callaghan,415
415,Angela Robinson,416
416,Gary Fleder,417
417,Tommy Wirkola,418
418,Adrian Lyne,419
419,Jorge R. Gutiérrez,420
420,Richard Loncraine,421
421,Christophe Gans,422
422,Howard Deutch,423
423,Jon Hurwitz,424
424,Steven Quale,425
425,John Landis,426
426,Alexander Witt,427
427,Beeban Kidron,428
428,Carl Franklin,429
429,Steven Seagal,430
430,Danny Boyle,431
431,Andrew Bergman,432
432,Peter Webber,433
433,Andrew Niccol,434
434,John Carpenter,435
435,Wes Anderson,436
436,David Cronenberg,437
437,John Stockwell,438
438,David Gordon Green,439
439,Jim Sheridan,440
440,Costa-Gavras,441
441,Patrick Read Johnson,442
442,Roland Joffé,443
443,Richard LaGravenese,444
444,Danny DeVito,445
445,George Armitage,446
446,Patrick Lussier,447
447,James Wong,448
448,Olivier Megaton,449
449,Warren Beatty,450
450,Penny Marshall,451
451,Paul Bolger,452
452,Stephen Frears,453
453,P.J. Hogan,454
454,David Zucker,455
455,Denis Villeneuve,456
456,Thomas Carter,457
457,Roger Michell,458
458,Luis Llosa,459
459,Richard Curtis,460
460,Garth Jennings,461
461,Joel Zwick,462
462,Russell Mulcahy,463
463,David R. Ellis,464
464,Peter Howitt,465
465,John A. Davis,466
466,David Lynch,467
467,Mathieu Kassovitz,468
468,John Gray,469
469,John Schultz,470
470,Sean Penn,471
471,Susan Stroman,472
472,Pete Travis,473
473,Simon Wincer,474
474,Billy Bob Thornton,475
475,Danny Pang,476
476,George P. Cosmatos,477
477,Oliver Parker,478
478,Ben Affleck,479
479,Brian Gibson,480
480,Norman Ferguson,481
481,Michael Cimino,482
482,Gus Van Sant,483
483,Roger Kumble,484
484,Burr Steers,485
485,John Hamburg,486
486,Reginald Hudlin,487
487,Paul Feig,488
488,Joseph L. Mankiewicz,489
489,Barbra Streisand,490
490,Mark Pellington,491
491,John Glen,492
492,Catherine Hardwicke,493
493,John Herzfeld,494
494,Annabel Jankel,495
495,Julie Anne Robinson,496
496,Evan Goldberg,497
497,Sngmoo Lee,498
498,Gordon Chan,499
499,Asger Leth,500
500,Anne Fletcher,501
501,Bruce Beresford,502
502,Sam Taylor-Johnson,503
503,Ken Kwapis,504
504,Wes Craven,505
505,Etan Cohen,506
506,John Whitesell,507
507,Angelina Jolie Pitt,508
508,Nick Cassavetes,509
509,Mark A.Z. Dippé,510
510,Brad Furman,511
511,Cal Brunker,512
512,Nimród Antal,513
513,Alejandro Agresti,514
514,Peter Hedges,515
515,Paul Weiland,516
516,Colin Strause,517
517,Joan Chen,518
518,Greg Mottola,519
519,Jake Kasdan,520
520,Diane Keaton,521
521,Kelly Makin,522
522,Stephen Daldry,523
523,Christian Duguay,524
524,Justin Chadwick,525
525,Pat O'Connor,526
526,Frederik Du Chau,527
527,Irwin Winkler,528
528,Joseph Kahn,529
529,Sofia Coppola,530
530,Barbet Schroeder,531
531,Stephen Kay,532
532,J.A. Bayona,533
533,Elaine May,534
534,Dennie Gordon,535
535,Charles Shyer,536
536,Ulu Grosbard,537
537,William Malone,538
538,Jerry Jameson,539
539,Mic Rodgers,540
540,Christian Alvart,541
541,Jean-Marie Poiré,542
542,Marc F. Adler,543
543,Geoffrey Sax,544
544,Richard Shepard,545
545,Peter Ho-Sun Chan,546
546,Joon-ho Bong,547
547,Charles S. Dutton,548
548,Jonathan Lynn,549
549,David Carson,550
550,Kar-Wai Wong,551
551,Norman Jewison,552
552,David Mirkin,553
553,Luis Mandoki,554
554,Jeb Stuart,555
555,Steve Miner,556
556,Paul Thomas Anderson,557
557,J Blakeson,558
558,Ryan Coogler,559
559,Kirk Jones,560
560,Ethan Coen,561
561,Jennifer Flackett,562
562,Kevin Smith,563
563,Christian Ditter,564
564,Charles Martin Smith,565
565,Irvin Kershner,566
566,Steve Pink,567
567,Scott Hicks,568
568,Chris Rock,569
569,Wilson Yip,570
570,John Lee Hancock,571
571,Robert Wise,572
572,Kevin Rodney Sullivan,573
573,Kevin Munroe,574
574,Michael Tollin,575
575,Nicholas Stoller,576
576,Patrick Tatopoulos,577
577,Gary David Goldberg,578
578,Alan Poul,579
579,Luke Greenfield,580
580,Gil Junger,581
581,Steven E. de Souza,582
582,Alexandre Aja,583
583,Michael Rymer,584
584,Hugh Wilson,585
585,Susanna White,586
586,Chris Carter,587
587,Tommy O'Haver,588
588,Peter Landesman,589
589,Gary Chapman,590
590,Craig Mazin,591
591,Allen Hughes,592
592,John Milius,593
593,Lasse Hallström,594
594,Jean-Marc Vallée,595
595,Hark Tsui,596
596,Lexi Alexander,597
597,Ronny Yu,598
598,Bille August,599
599,Ken Scott,600
600,Hugh Johnson,601
601,Hayao Miyazaki,602
602,George Tillman Jr.,603
603,Hugh Hudson,604
604,Chris Gorak,605
605,Scott Speer,606
606,Joe Charbanic,607
607,Jonathan Hensleigh,608
608,Danny Cannon,609
609,Boaz Yakin,610
610,Richard Marquand,611
611,Neil Marshall,612
612,Jared Hess,613
613,Rupert Wainwright,614
614,John Luessenhop,615
615,Justin Zackham,616
616,John Gatins,617
617,Miguel Sapochnik,618
618,Hyung-rae Shim,619
619,Don Scardino,620
620,Tim Robbins,621
621,Nanette Burstein,622
622,Ariel Vromen,623
623,Lewis Gilbert,624
624,John Francis Daley,625
625,J.B. Rogers,626
626,Michael Sucsy,627
627,Tom Vaughan,628
628,Lee Daniels,629
629,Stephen Hillenburg,630
630,Stig Bergqvist,631
631,Jason Reitman,632
632,Alexander Payne,633
633,Jonathan Levine,634
634,Rian Johnson,635
635,Chris Noonan,636
636,Michael McCullers,637
637,Forest Whitaker,638
638,Gary Winick,639
639,Woody Allen,640
640,Peter Lepeniotis,641
641,Ted Demme,642
642,William Shatner,643
643,Steve Box,644
644,Lee Toland Krieger,645
645,Tim McCanlies,646
646,Drew Goddard,647
647,Jason Friedberg,648
648,Paul Michael Glaser,649
649,John R. Leonetti,650
650,Tom Hanks,651
651,Liz Friedlander,652
652,Phil Joanou,653
653,Shane Acker,654
654,Stephen J. Anderson,655
655,Troy Miller,656
656,Tate Taylor,657
657,Brett Leonard,658
658,Scott Derrickson,659
659,Alister Grierson,660
660,Nick Hurran,661
661,Charles Stone III,662
662,Paul Haggis,663
663,Kurt Wimmer,664
664,Jean-François Richet,665
665,Kevin Hooks,666
666,Ellory Elkayem,667
667,Niki Caro,668
668,Vincenzo Natali,669
669,Willard Huyck,670
670,Gavin O'Connor,671
671,Bruce Hunt,672
672,Craig Gillespie,673
673,Chris Roberts,674
674,Jee-woon Kim,675
675,Nick Hamm,676
676,Mike Disa,677
677,Sergio Leone,678
678,Niels Arden Oplev,679
679,Michael Radford,680
680,Kaige Chen,681
681,Corey Yuen,682
682,Andrew Dominik,683
683,Li Zhang,684
684,Elizabeth Banks,685
685,Edward Norton,686
686,Ben Falcone,687
687,Richard Attenborough,688
688,Don Mancini,689
689,John Maybury,690
690,Igor Kovalyov,691
691,David Wain,692
692,Miguel Arteta,693
693,James Gray,694
694,Janusz Kaminski,695
695,Michael Ritchie,696
696,Robert B. Weide,697
697,Jeff Wadlow,698
698,Camille Delamarre,699
699,Malcolm D. Lee,700
700,David Lean,701
701,Richard Eyre,702
702,Nicholas Meyer,703
703,Callie Khouri,704
704,Todd Graff,705
705,Philip Kaufman,706
706,Saul Dibb,707
707,Richard Linklater,708
708,E. Elias Merhige,709
709,Menno Meyjes,710
710,Jodie Foster,711
711,Scott Frank,712
712,Kevin Allen,713
713,Michael Cristofer,714
714,Andrew Morahan,715
715,Bob Rafelson,716
716,Alan Shapiro,717
717,Fernando Meirelles,718
718,Michael Hoffman,719
719,Michael Pressman,720
720,Sharon Maguire,721
721,Charles Herman-Wurmfeld,722
722,Gabor Csupo,723
723,Tyler Perry,724
724,Joe Carnahan,725
725,John Polson,726
726,Bernardo Bertolucci,727
727,Cathy Malkasian,728
728,John Eng,729
729,Chris Nahon,730
730,Fred Wolf,731
731,Victor Salva,732
732,Mark Helfrich,733
733,Steve Bendelack,734
734,Dwight H. Little,735
735,Guillaume Canet,736
736,Kirsten Sheridan,737
737,Richard Fleischer,738
738,Bob Spiers,739
739,Damien Dante Wayans,740
740,John Wells,741
741,Nigel Cole,742
742,Jeremy Leven,743
743,Sylvain White,744
744,Troy Nixey,745
745,Philip G. Atwell,746
746,Jeff Schaffer,747
747,Don Michael Paul,748
748,James Bridges,749
749,Steve Barron,750
750,Richard Kelly,751
751,Carter Smith,752
752,John Schlesinger,753
753,Ringo Lam,754
754,Patricia Riggen,755
755,Kimberly Peirce,756
756,Stephen Gaghan,757
757,Jonathan Kaplan,758
758,Richard Benjamin,759
759,Craig R. Baxley,760
760,John Hillcoat,761
761,Marcos Siega,762
762,Rachel Talalay,763
763,Jeffrey W. Byrd,764
764,Atom Egoyan,765
765,Robert Towne,766
766,Giuseppe Tornatore,767
767,Werner Herzog,768
768,Leonard Nimoy,769
769,Ericson Core,770
770,Bonnie Hunt,771
771,Neil LaBute,772
772,Grant Heslov,773
773,George Gallo,774
774,Sidney Lumet,775
775,Douglas McGrath,776
776,Kevin Spacey,777
777,Richard Williams,778
778,Mary McGuckian,779
779,Tony Goldwyn,780
780,Dexter Fletcher,781
781,Jonathan Newman,782
782,Andy Cadiff,783
783,Michael Dinner,784
784,Joseph Sargent,785
785,Jerry Zaks,786
786,Fred Durst,787
787,Anne Fontaine,788
788,Mira Nair,789
789,Mel Brooks,790
790,Russell Crowe,791
791,Jessie Nelson,792
792,Christopher Spencer,793
793,Mike Bigelow,794
794,Paul McGuigan,795
795,Daniel Sackheim,796
796,Harry Elfont,797
797,Uli Edel,798
798,Fred Dekker,799
799,Brian Trenchard-Smith,800
800,Blake Edwards,801
801,Christian Carion,802
802,David Palmer,803
803,Rowan Joffe,804
804,John Curran,805
805,Laurent Tirard,806
806,Trey Parker,807
807,Stuart Gillard,808
808,Katt Shea,809
809,Joshua Michael Stern,810
810,Tomas Alfredson,811
811,John Duigan,812
812,Colin Higgins,813
813,Jim Sonzero,814
814,Penelope Spheeris,815
815,Jeff Tremaine,816
816,Jeannot Szwarc,817
817,Steve McQueen,818
818,Thea Sharrock,819
819,Aaron Seltzer,820
820,Robin Budd,821
821,Ava DuVernay,822
822,Steve Trenbirth,823
823,Mennan Yapo,824
824,Jun Falkenstein,825
825,Tom McCarthy,826
826,Takashi Shimizu,827
827,Anton Corbijn,828
828,Gregory Nava,829
829,John Patrick Shanley,830
830,Steve Beck,831
831,Todd Strauss-Schulson,832
832,John McNaughton,833
833,Eric Valette,834
834,Andrew Fleming,835
835,Michael Spierig,836
836,Jim Field Smith,837
837,Thomas Bezucha,838
838,William Brent Bell,839
839,Anthony Bell,840
840,Alfred Hitchcock,841
841,Shana Feste,842
842,Steve Rash,843
843,Mike Binder,844
844,Michael J. Bassett,845
845,Frank Nissen,846
846,Stephen Chow,847
847,Peter Hastings,848
848,Paul Abascal,849
849,Chris Koch,850
850,Amy Heckerling,851
851,George Stevens,852
852,Mark Mylod,853
853,James Mather,854
854,Michael O. Sajbel,855
855,Charles T. Kanganis,856
856,Damon Santostefano,857
857,Bob Clark,858
858,Dave Borthwick,859
859,Benson Lee,860
860,Glen Morgan,861
861,Mike Leigh,862
862,Jonathan Glazer,863
863,J.C. Chandor,864
864,Marc Abraham,865
865,Todd Haynes,866
866,Mabrouk El Mechri,867
867,Charlie Kaufman,868
868,Jean-Paul Rappeneau,869
869,Nancy Walker,870
870,Angelo Pizzo,871
871,Katsuhiro Ôtomo,872
872,David Anspaugh,873
873,Daniel Algrant,874
874,Julie Taymor,875
875,Mark Rosman,876
876,Britt Allcroft,877
877,Brian Percival,878
878,Anand Tucker,879
879,Michael Dowse,880
880,Emile Ardolino,881
881,Robert Altman,882
882,Andrew Douglas,883
883,George A. Romero,884
884,Ricky Gervais,885
885,Terry Zwigoff,886
886,Nelson McCormick,887
887,Audrey Wells,888
888,Bille Woodruff,889
889,Rick Friedberg,890
890,Sean McNamara,891
891,Jody Hill,892
892,Brandon Camp,893
893,Kevin Tancharoen,894
894,Nicholas Hytner,895
895,Bart Freundlich,896
896,William A. Fraker,897
897,John Boorman,898
898,Courtney Solomon,899
899,Jeff Kanew,900
900,István Szabó,901
901,Matthew Robbins,902
902,Hal Needham,903
903,Jeff Nichols,904
904,Jonathan Teplitzky,905
905,Michael Haneke,906
906,Mike Marvin,907
907,Lance Hool,908
908,Christian Volckman,909
909,Cory Edwards,910
910,Terry George,911
911,Xavier Gens,912
912,Kasi Lemmons,913
913,Matt Dillon,914
914,George Cukor,915
915,Jim Gillespie,916
916,John Hoffman,917
917,Kevin Greutert,918
918,John Fortenberry,919
919,Daniel Barnz,920
920,Jason Moore,921
921,Robert Harmon,922
922,Trent Cooper,923
923,Gary Halvorson,924
924,Fede Alvarez,925
925,Sidney J. Furie,926
926,Wayne Kramer,927
927,Jim Goddard,928
928,Noel Marshall,929
929,Todd Lincoln,930
930,Howard Zieff,931
931,Steven Shainberg,932
932,Julian Jarrold,933
933,Joe Nussbaum,934
934,Vadim Perelman,935
935,Peter Farrelly,936
936,Michel Hazanavicius,937
937,Cyrus Nowrasteh,938
938,Perry Andelin Blake,939
939,Christian E. Christiansen,940
940,Sheldon Lettich,941
941,Diane English,942
942,Robert Iscove,943
943,Peter Kosminsky,944
944,Nick Gomez,945
945,Vic Armstrong,946
946,Allen Coulter,947
947,Clare Kilner,948
948,Josef Rusnak,949
949,Bruce Paltrow,950
950,Adam Rifkin,951
951,Susanne Bier,952
952,Kenneth Johnson,953
953,James Ivory,954
954,Jessy Terrero,955
955,Vicente Amorim,956
956,Gaspar Noé,957
957,Tommy Lee Jones,958
958,Jesse Vaughan,959
959,Wayne Beach,960
960,Gérard Krawczyk,961
961,Udayan Prasad,962
962,Morten Tyldum,963
963,Andrés Muschietti,964
964,Gillian Armstrong,965
965,James Watkins,966
966,Jim Fall,967
967,Michael Dougherty,968
968,Joel Gallen,969
969,James Marsh,970
970,Matt Williams,971
971,Rick Rosenthal,972
972,Denzel Washington,973
973,Nicolas Winding Refn,974
974,Sara Sugarman,975
975,Juan Carlos Fresnadillo,976
976,Gina Prince-Bythewood,977
977,Phil Traill,978
978,Joe Berlinger,979
979,Elizabeth Allen Rosenbaum,980
980,Michael Mayer,981
981,Martin Weisz,982
982,John Ottman,983
983,John Bonito,984
984,Peter Atencio,985
985,David Nutter,986
986,Derek Cianfrance,987
987,Stephan Elliott,988
988,Mark L. Lester,989
989,Tom Green,990
990,Mike Nawrocki,991
991,Douglas Aarniokoski,992
992,Bryan Barber,993
993,Lone Scherfig,994
994,Drew Barrymore,995
995,James Foley,996
996,Albert Brooks,997
997,Steve Gomer,998
998,RZA,999
999,Mark Piznarski,1000
1000,Craig Brewer,1001
1001,Michael Winterbottom,1002
1002,David Raynr,1003
1003,Mort Nathan,1004
1004,Wil Shriner,1005
1005,Martin McDonagh,1006
1006,Tina Gordon Chism,1007
1007,Peter Cattaneo,1008
1008,Vicky Jenson,1009
1009,Mary Lambert,1010
1010,Peter Kassovitz,1011
1011,Rodman Flender,1012
1012,Mark Romanek,1013
1013,Brad Anderson,1014
1014,Michael Chapman,1015
1015,Antonio Banderas,1016
1016,Fritz Lang,1017
1017,Hsiao-Hsien Hou,1018
1018,Gregor Jordan,1019
1019,Tony Jaa,1020
1020,Ryûhei Kitamura,1021
1021,Dito Montiel,1022
1022,Stefan Ruzowitzky,1023
1023,Jake Paltrow,1024
1024,Gregory Jacobs,1025
1025,Gilles Paquet-Brenner,1026
1026,Lars von Trier,1027
1027,John Cornell,1028
1028,Ole Bornedal,1029
1029,Jamie Blanks,1030
1030,Randal Kleiser,1031
1031,Bruce McCulloch,1032
1032,Rick Famuyiwa,1033
1033,Alan Cohn,1034
1034,Franco Zeffirelli,1035
1035,Tom Holland,1036
1036,James Isaac,1037
1037,Emilio Estevez,1038
1038,Josh Schwartz,1039
1039,Todd Field,1040
1040,Davis Guggenheim,1041
1041,Stephen Carpenter,1042
1042,James Fargo,1043
1043,Kenneth Lonergan,1044
1044,José Padilha,1045
1045,Danny Leiner,1046
1046,Christopher Cain,1047
1047,Theodore Melfi,1048
1048,Ed Decter,1049
1049,Gene Quintano,1050
1050,Eric Bress,1051
1051,Preston A. Whitmore II,1052
1052,Kirk Wong,1053
1053,Bronwen Hughes,1054
1054,John Lafia,1055
1055,Sam Miller,1056
1056,Alex Garland,1057
1057,Mark Brown,1058
1058,Dave Green,1059
1059,Michael Polish,1060
1060,Lenny Abrahamson,1061
1061,Bob Saget,1062
1062,John Waters,1063
1063,Craig Bolotin,1064
1064,Mark Christopher,1065
1065,Blair Hayes,1066
1066,Jez Butterworth,1067
1067,Jon Lucas,1068
1068,Olivier Assayas,1069
1069,Patrice Leconte,1070
1070,Paul Mazursky,1071
1071,Stephen Chbosky,1072
1072,Jon Hess,1073
1073,Joe Cornish,1074
1074,John Stainton,1075
1075,Stewart Hendler,1076
1076,Mark Herman,1077
1077,Abel Ferrara,1078
1078,Brian Koppelman,1079
1079,Ethan Maniquis,1080
1080,George Hickenlooper,1081
1081,Je-kyu Kang,1082
1082,William Dear,1083
1083,Stéphane Aubier,1084
1084,John Badham,1085
1085,Mike McCoy,1086
1086,Mike Judge,1087
1087,Nima Nourizadeh,1088
1088,John Erick Dowdle,1089
1089,David Moreau,1090
1090,Christopher Erskin,1091
1091,Brian Henson,1092
1092,Dan Cutforth,1093
1093,Josh Boone,1094
1094,Jake Schreier,1095
1095,Ernest R. Dickerson,1096
1096,Wallace Wolodarsky,1097
1097,Nicholas Jarecki,1098
1098,Dean Israelite,1099
1099,Darnell Martin,1100
1100,Scott Alexander,1101
1101,Stuart Gordon,1102
1102,Christopher Guest,1103
1103,Jane Campion,1104
1104,Fred Schepisi,1105
1105,Antonia Bird,1106
1106,Jon Poll,1107
1107,Paolo Sorrentino,1108
1108,Peter Care,1109
1109,Chan-wook Park,1110
1110,Ira Sachs,1111
1111,Carroll Ballard,1112
1112,Takeshi Kitano,1113
1113,Marco Kreuzpaintner,1114
1114,Lajos Koltai,1115
1115,Alan Rudolph,1116
1116,Chuan Lu,1117
1117,Dan Mazer,1118
1118,R.J. Cutler,1119
1119,David S. Ward,1120
1120,Rob Pritts,1121
1121,Tobe Hooper,1122
1122,John Crowley,1123
1123,Brendan Malloy,1124
1124,Dustin Hoffman,1125
1125,Gregory Poirier,1126
1126,Bill Paxton,1127
1127,Simon Curtis,1128
1128,Dewey Nicks,1129
1129,Philip Saville,1130
1130,Daisy von Scherler Mayer,1131
1131,William A. Graham,1132
1132,Agnieszka Holland,1133
1133,David Hackl,1134
1134,Ray Lawrence,1135
1135,Karan Johar,1136
1136,Ruairi Robinson,1137
1137,Jaume Balagueró,1138
1138,Jon Kasdan,1139
1139,Dean Wright,1140
1140,Darren Lynn Bousman,1141
1141,James DeMonaco,1142
1142,Carol Reed,1143
1143,Chuck Sheetz,1144
1144,Marcus Raboy,1145
1145,Leigh Whannell,1146
1146,Michael Schultz,1147
1147,Peter Sollett,1148
1148,Bob Dolman,1149
1149,Rowdy Herrington,1150
1150,Greg Coolidge,1151
1151,Ciarán Foy,1152
1152,Salim Akil,1153
1153,Olatunde Osunsanmi,1154
1154,Leon Ichaso,1155
1155,Patricia Rozema,1156
1156,Rob Schmidt,1157
1157,Robert Ben Garant,1158
1158,Morgan Spurlock,1159
1159,Tuck Tucker,1160
1160,Theodore Witcher,1161
1161,Jim Hanon,1162
1162,Michael Patrick Jann,1163
1163,Jorma Taccone,1164
1164,Florian Henckel von Donnersmarck,1165
1165,Jeff Lowell,1166
1166,Lorene Scafaria,1167
1167,Tony Kaye,1168
1168,Marcus Dunstan,1169
1169,Timothy Björklund,1170
1170,François Girard,1171
1171,Scott Kalvert,1172
1172,Jason Bateman,1173
1173,Eric Bross,1174
1174,Jay Duplass,1175
1175,Luca Guadagnino,1176
1176,John Putch,1177
1177,Peter Medak,1178
1178,Terence Davies,1179
1179,Harley Cokeliss,1180
1180,Tom Brady,1181
1181,Jason Zada,1182
1182,Franklin J. Schaffner,1183
1183,Noah Baumbach,1184
1184,Eric Blakeney,1185
1185,Derrick Borte,1186
1186,Richard Kwietniowski,1187
1187,Bob Odenkirk,1188
1188,Joshua Seftel,1189
1189,Vincent Gallo,1190
1190,Jon Stewart,1191
1191,Dan Harris,1192
1192,Mel Smith,1193
1193,Christopher Smith,1194
1194,Alan Metter,1195
1195,Arthur Hiller,1196
1196,Michael Meredith,1197
1197,Julio DePietro,1198
1198,Katherine Dieckmann,1199
1199,Scott Marshall,1200
1200,Álex de la Iglesia,1201
1201,Michael Clancy,1202
1202,Andy Garcia,1203
1203,Gary Sherman,1204
1204,Stanley Kramer,1205
1205,Yash Chopra,1206
1206,Floria Sigismondi,1207
1207,Terence Young,1208
1208,Michael Moore,1209
1209,Kris Isacsson,1210
1210,Ben Younger,1211
1211,Hart Bochner,1212
1212,Chatrichalerm Yukol,1213
1213,Dario Argento,1214
1214,Marc Forby,1215
1215,Ole Christian Madsen,1216
1216,Meiert Avis,1217
1217,Peter Faiman,1218
1218,Joby Harold,1219
1219,Ekachai Uekrongtham,1220
1220,Mark Rydell,1221
1221,David E. Talbert,1222
1222,Ari Sandel,1223
1223,Vondie Curtis-Hall,1224
1224,Herbert Ross,1225
1225,John Sayles,1226
1226,John G. Avildsen,1227
1227,Dan Gilroy,1228
1228,Jonathan Dayton,1229
1229,Chris Stokes,1230
1230,Don Siegel,1231
1231,Martin Lawrence,1232
1232,Masayuki Ochiai,1233
1233,Tom Gormican,1234
1234,Peter R. Hunt,1235
1235,Tamra Davis,1236
1236,Jonas Elmer,1237
1237,Mary Harron,1238
1238,Troy Duffy,1239
1239,Nicole Holofcener,1240
1240,Fina Torres,1241
1241,Duke Johnson,1242
1242,François Ozon,1243
1243,Anna Boden,1244
1244,Steve James,1245
1245,Tomm Moore,1246
1246,John Carney,1247
1247,David Jacobson,1248
1248,Michael Corrente,1249
1249,Keith Gordon,1250
1250,Andrew Currie,1251
1251,Andrew Wilson,1252
1252,Marc Schölermann,1253
1253,Robert Moresco,1254
1254,Thomas Vinterberg,1255
1255,Ol Parker,1256
1256,David Webb Peoples,1257
1257,Stanley Tong,1258
1258,Eli Roth,1259
1259,Tony Richardson,1260
1260,Paul Gross,1261
1261,Charles Robert Carner,1262
1262,Rodrigo García,1263
1263,Vincent Paronnaud,1264
1264,Daniel Barber,1265
1265,Robert Marcarelli,1266
1266,Guy Hamilton,1267
1267,Michael Anderson,1268
1268,Matt Bettinelli-Olpin,1269
1269,Rob Zombie,1270
1270,Aaron Schneider,1271
1271,Tom Ford,1272
1272,Gurinder Chadha,1273
1273,Tony Maylam,1274
1274,Mitch Davis,1275
1275,Kevin Brodie,1276
1276,Paul Schrader,1277
1277,Lynne Ramsay,1278
1278,Tim Chambers,1279
1279,Dick Richards,1280
1280,Alex Zamm,1281
1281,Spencer Susser,1282
1282,Thaddeus O'Sullivan,1283
1283,Shari Springer Berman,1284
1284,Stephen Milburn Anderson,1285
1285,Richard E. Grant,1286
1286,Arie Posin,1287
1287,Damian Nieman,1288
1288,Mark Tonderai,1289
1289,Rachel Perkins,1290
1290,Luis Valdez,1291
1291,Louis Morneau,1292
1292,Caroline Link,1293
1293,Sterling Van Wagenen,1294
1294,Zal Batmanglij,1295
1295,Oren Moverman,1296
1296,Wolfgang Becker,1297
1297,George Roy Hill,1298
1298,Robert Stevenson,1299
1299,Jerome Robbins,1300
1300,Gary Hardwick,1301
1301,King Vidor,1302
1302,Fred Savage,1303
1303,Rusty Cundieff,1304
1304,Kevin Macdonald,1305
1305,Dominique Othenin-Girard,1306
1306,Ed Harris,1307
1307,Risa Bramon Garcia,1308
1308,Brian Klugman,1309
1309,Matt Piedmont,1310
1310,Raymond De Felitta,1311
1311,John Michael McDonagh,1312
1312,Deb Hagan,1313
1313,Zach Cregger,1314
1314,Zach Braff,1315
1315,Mark Tarlov,1316
1316,John Cameron Mitchell,1317
1317,Billy Ray,1318
1318,David Atkins,1319
1319,Sylvio Tabet,1320
1320,Rick Bieber,1321
1321,Joey Lauren Adams,1322
1322,S.R. Bindler,1323
1323,Cédric Klapisch,1324
1324,Martin Koolhoven,1325
1325,Prachya Pinkaew,1326
1326,Darren Grant,1327
1327,Joseph Gordon-Levitt,1328
1328,Christophe Barratier,1329
1329,Émile Gaudreault,1330
1330,James Cox,1331
1331,James Toback,1332
1332,Aki Kaurismäki,1333
1333,Hitoshi Matsumoto,1334
1334,George Ratliff,1335
1335,Michael McGowan,1336
1336,Dan Trachtenberg,1337
1337,David F. Sandberg,1338
1338,Henry Joost,1339
1339,Stiles White,1340
1340,Joel Edgerton,1341
1341,Eugenio Derbez,1342
1342,Henry Koster,1343
1343,Patty Jenkins,1344
1344,Christopher Landon,1345
1345,David Gelb,1346
1346,Mike Flanagan,1347
1347,Nat Faxon,1348
1348,George Jackson,1349
1349,Maurice Joyce,1350
1350,Robert Duvall,1351
1351,Jesse Peretz,1352
1352,Ice Cube,1353
1353,Tim Blake Nelson,1354
1354,Richard Glatzer,1355
1355,Rob Hedden,1356
1356,Harmony Korine,1357
1357,Joe Chappelle,1358
1358,Mickey Liddell,1359
1359,Fred Walton,1360
1360,Steve Carver,1361
1361,Gonzalo López-Gallego,1362
1362,Christine Jeffs,1363
1363,Bill Duke,1364
1364,Mamoru Hosoda,1365
1365,Brian Dannelly,1366
1366,Denys Arcand,1367
1367,J.S. Cardone,1368
1368,Jay Levey,1369
1369,Tamara Jenkins,1370
1370,Xavier Beauvois,1371
1371,Randall Miller,1372
1372,Dan Rush,1373
1373,Michael Cuesta,1374
1374,Fenton Bailey,1375
1375,Jeremy Saulnier,1376
1376,Nicholas Fackler,1377
1377,Morgan J. Freeman,1378
1378,Klaus Menzel,1379
1379,Jirí Menzel,1380
1380,Frank LaLoggia,1381
1381,Michel Leclerc,1382
1382,Tom Kalin,1383
1383,Carlos Saura,1384
1384,Mike van Diem,1385
1385,Jonas Åkerlund,1386
1386,Barry Skolnick,1387
1387,Johnnie To,1388
1388,Agnieszka Wojtowicz-Vosloo,1389
1389,Nick Love,1390
1390,Cecil B. DeMille,1391
1391,Henry Hobson,1392
1392,Mike Figgis,1393
1393,Lisa Cholodenko,1394
1394,Ed Gass-Donnelly,1395
1395,DJ Pooh,1396
1396,Patrick Stettner,1397
1397,Michael Tiddes,1398
1398,Roger Avary,1399
1399,Allison Anders,1400
1400,Rick de Oliveira,1401
1401,Jeff Franklin,1402
1402,Mike Mills,1403
1403,Dave McKean,1404
1404,Ruggero Deodato,1405
1405,Mars Callahan,1406
1406,Stefan Schwartz,1407
1407,Robert Lee King,1408
1408,David Schwimmer,1409
1409,Fernando León de Aranoa,1410
1410,Jim Mickle,1411
1411,Karim Aïnouz,1412
1412,Victor Fleming,1413
1413,Richard Raymond,1414
1414,Sam Peckinpah,1415
1415,George Sidney,1416
1416,Peter Stebbings,1417
1417,Vincente Minnelli,1418
1418,Dagur Kári,1419
1419,Jim Abrahams,1420
1420,Michael Gornick,1421
1421,Robert Eggers,1422
1422,Michael Martin,1423
1423,Edward Burns,1424
1424,Juan José Campanella,1425
1425,Louis C.K.,1426
1426,Salvador Carrasco,1427
1427,André Øvredal,1428
1428,Robert Cary,1429
1429,Akiva Schaffer,1430
1430,Adam Rapp,1431
1431,Luc Jacquet,1432
1432,Clark Gregg,1433
1433,Damien Chazelle,1434
1434,Justin Kerrigan,1435
1435,Alejandro Monteverde,1436
1436,Joshua Marston,1437
1437,Tod Williams,1438
1438,Jack Sholder,1439
1439,Tom McLoughlin,1440
1440,Adam Marcus,1441
1441,Benny Boom,1442
1442,Nnegest Likké,1443
1443,Christopher Leitch,1444
1444,Don Coscarelli,1445
1445,Patricia Cardoso,1446
1446,Damien O'Donnell,1447
1447,Peter M. Cohen,1448
1448,Anthony Hickox,1449
1449,Tom Schulman,1450
1450,Jill Sprecher,1451
1451,Darren Stein,1452
1452,Julian Schnabel,1453
1453,David Nixon,1454
1454,Jason Eisener,1455
1455,Leslye Headland,1456
1456,Tim Heidecker,1457
1457,Deon Taylor,1458
1458,Jason Alexander,1459
1459,Susan Seidelman,1460
1460,Billy Wilder,1461
1461,John Carl Buechler,1462
1462,Victor Nunez,1463
1463,Joseph Zito,1464
1464,Rand Ravich,1465
1465,Nacho Vigalondo,1466
1466,Dinesh D'Souza,1467
1467,Tommy Lee Wallace,1468
1468,Leslie Small,1469
1469,Alison Maclean,1470
1470,Isabel Coixet,1471
1471,James Ponsoldt,1472
1472,Joshua Tickell,1473
1473,Michael D. Sellers,1474
1474,Reed Cowan,1475
1475,James Dodson,1476
1476,Alex Rivera,1477
1477,Robby Henson,1478
1478,Shane Meadows,1479
1479,Carmen Marron,1480
1480,Danny Steinmann,1481
1481,Michael Landon Jr.,1482
1482,William Wyler,1483
1483,Petter Næss,1484
1484,Michael Herz,1485
1485,David Robert Mitchell,1486
1486,Chia-Liang Liu,1487
1487,Chris Kentis,1488
1488,Alex Kendrick,1489
1489,Sylvain Chomet,1490
1490,Chris Eyre,1491
1491,Debra Granik,1492
1492,Miranda July,1493
1493,Max Joseph,1494
1494,Kevin Tenney,1495
1495,Ari Folman,1496
1496,Gary Rogers,1497
1497,Marielle Heller,1498
1498,David Sington,1499
1499,Huck Botko,1500
1500,David Duchovny,1501
1501,Lance Mungia,1502
1502,Hue Rhodes,1503
1503,Hunter Richards,1504
1504,Laurie Collyer,1505
1505,Ralph Ziman,1506
1506,Orson Welles,1507
1507,Paul Bunnell,1508
1508,Tim Hunter,1509
1509,Rodrigo Cortés,1510
1510,Pascal Arnold,1511
1511,Jamal Hill,1512
1512,Daniel Stamm,1513
1513,Carlos Carrera,1514
1514,Benh Zeitlin,1515
1515,Maggie Greenwald,1516
1516,Lucky McKee,1517
1517,Steven R. Monroe,1518
1518,Mark Illsley,1519
1519,Pawel Pawlikowski,1520
1520,Ritesh Batra,1521
1521,Sally Potter,1522
1522,Nadine Labaki,1523
1523,François Truffaut,1524
1524,Adam Goldberg,1525
1525,Adrienne Shelly,1526
1526,Newt Arnold,1527
1527,Fabián Bielinsky,1528
1528,Rebecca Miller,1529
1529,Maggie Carey,1530
1530,Henry Bean,1531
1531,Jeff Garlin,1532
1532,Charles Chaplin,1533
1533,Pete Jones,1534
1534,Bruce Campbell,1535
1535,Bruce McDonald,1536
1536,James Mottern,1537
1537,William Cottrell,1538
1538,Lucrecia Martel,1539
1539,Zak Penn,1540
1540,Steve Buscemi,1541
1541,Ham Tran,1542
1542,Rich Cowan,1543
1543,Jonathan Kesselman,1544
1544,Jamie Babbit,1545
1545,David Boyd,1546
1546,Anna Muylaert,1547
1547,Steve Taylor,1548
1548,Kurt Voss,1549
1549,Rob McKittrick,1550
1550,Jeff Burr,1551
1551,Panos Cosmatos,1552
1552,Gareth Evans,1553
1553,Levan Gabriadze,1554
1554,Bradley Parker,1555
1555,Clive Barker,1556
1556,Harold Cronk,1557
1557,Takao Okawara,1558
1558,Duncan Tucker,1559
1559,Russ Meyer,1560
1560,Ben Lewin,1561
1561,Courtney Hunt,1562
1562,Morgan Neville,1563
1563,Chris Paine,1564
1564,Greg Berlanti,1565
1565,Marc Levin,1566
1566,Richard Dutcher,1567
1567,Finn Taylor,1568
1568,Karen Moncrieff,1569
1569,Goran Dukic,1570
1570,Efram Potelle,1571
1571,Joshua Oppenheimer,1572
1572,Alex Gibney,1573
1573,Paul Crowder,1574
1574,Anthony Powell,1575
1575,Johnny Remo,1576
1576,Ti West,1577
1577,Nick Tomnay,1578
1578,Eric Nicholas,1579
1579,Benjamin Dickinson,1580
1580,Hal Haberman,1581
1581,Frank Whaley,1582
1582,Elia Kazan,1583
1583,Kat Coiro,1584
1584,Cristian Mungiu,1585
1585,Ramaa Mosley,1586
1586,Ric Roman Waugh,1587
1587,C. Jay Cox,1588
1588,Jamie Travis,1589
1589,Rich Christiano,1590
1590,Asghar Farhadi,1591
1591,Todd Solondz,1592
1592,Matt Maiellaro,1593
1593,Ben Wheatley,1594
1594,Oliver Blackburn,1595
1595,Ryan Fleck,1596
1596,Mark Sandrich,1597
1597,Daniel Myrick,1598
1598,Michael Wadleigh,1599
1599,Jon Gunn,1600
1600,Scott Ziehl,1601
1601,Joe Camp,1602
1602,John 'Bud' Cardos,1603
1603,Brian Baugh,1604
1604,Barry W. Blaustein,1605
1605,Siddiq Barmak,1606
1606,Joseph Dorman,1607
1607,Greg Harrison,1608
1608,Jacob Aaron Estes,1609
1609,Eric Schaeffer,1610
1610,Neema Barnette,1611
1611,Akira Kurosawa,1612
1612,Quentin Dupieux,1613
1613,Alex Smith,1614
1614,Gareth Edwards,1615
1615,Alex Craig Mann,1616
1616,Matty Rich,1617
1617,Hans Canosa,1618
1618,Lloyd Kaufman,1619
1619,Lloyd Bacon,1620
1620,Whit Stillman,1621
1621,Oren Peli,1622
1622,Jonathan Caouette,1623
1623,Lucio Fulci,1624
1624,Harry Beaumont,1625
1625,Franck Khalfoun,1626
1626,Henry Alex Rubin,1627
1627,Sam Firstenberg,1628
1628,Gregory Widen,1629
1629,Kelly Reichardt,1630
1630,Eddie O'Flaherty,1631
1631,Bruce Dellis,1632
1632,Craig Zobel,1633
1633,Maria Maggenti,1634
1634,Piyush Dinker Pandya,1635
1635,Bill Plympton,1636
1636,Drake Doremus,1637
1637,Tom Putnam,1638
1638,Jon Shear,1639
1639,Eugène Lourié,1640
1640,Ricki Stern,1641
1641,Majid Majidi,1642
1642,Andrew Haigh,1643
1643,Mike Cahill,1644
1644,Melvin Van Peebles,1645
1645,Michel Orion Scott,1646
1646,Travis Cluff,1647
1647,Robert Townsend,1648
1648,Larry Blamire,1649
1649,E.L. Katz,1650
1650,Dennis Iliadis,1651
1651,Myles Berkowitz,1652
1652,Brandon Trost,1653
1653,Joe Swanberg,1654
1654,Lena Dunham,1655
1655,Kevin Jordan,1656
1656,James Bidgood,1657
1657,Jafar Panahi,1658
1658,Shane Carruth,1659
